intern_id,course_id,rating
INT-1001,ML-103,5
INT-1001,ML-102,5
INT-1001,DEV-204,4
INT-1001,DEV-203,2
INT-1002,BI-401,5
INT-1002,BI-402,5
INT-1002,ML-104,3
INT-1002,OPS-303,3
INT-1002,DEV-204,3
INT-1002,ML-101,4
INT-1002,OPS-302,4
INT-1003,OPS-302,4
INT-1003,OPS-303,4
INT-1003,OPS-301,4
INT-1003,ML-104,3
INT-1003,DEV-201,3
INT-1004,DEV-204,4
INT-1004,DEV-203,4
INT-1004,DEV-201,5
INT-1004,DEV-202,5
INT-1005,ML-101,5
INT-1005,ML-105,5
INT-1005,ML-103,4
INT-1005,DEV-204,3
INT-1005,OPS-301,4
INT-1005,DEV-201,2
INT-1006,ML-103,4
INT-1006,ML-101,4
INT-1006,ML-105,3
INT-1006,DEV-203,4
INT-1006,DEV-204,2
INT-1006,DEV-202,3
INT-1007,ML-101,4
INT-1007,ML-103,3
INT-1007,ML-102,5
INT-1007,OPS-301,4
INT-1008,BI-402,4
INT-1008,BI-401,5
INT-1008,ML-103,3
INT-1008,ML-105,3
INT-1008,OPS-303,4
INT-1009,DEV-202,5
INT-1009,DEV-201,5
INT-1009,DEV-204,4
INT-1009,ML-102,2
INT-1009,ML-101,3
INT-1009,BI-402,5
INT-1009,OPS-303,3
INT-1010,OPS-303,4
INT-1010,OPS-301,4
INT-1010,BI-402,5
INT-1010,DEV-204,4
INT-1010,ML-105,3
INT-1010,DEV-201,3
INT-1010,ML-101,2
INT-1010,ML-103,5
INT-1011,ML-102,4
INT-1011,ML-103,4
INT-1011,ML-101,3
INT-1011,BI-402,4
INT-1011,DEV-201,4
INT-1011,OPS-301,3
INT-1012,BI-401,5
INT-1012,BI-402,3
INT-1012,OPS-303,3
INT-1012,DEV-203,2
INT-1013,BI-402,3
INT-1013,BI-401,5
INT-1013,ML-104,3
INT-1013,DEV-204,3
INT-1013,OPS-303,2
INT-1013,ML-105,2
INT-1013,DEV-202,3
INT-1014,ML-105,5
INT-1014,ML-102,4
INT-1014,ML-101,4
INT-1014,DEV-202,4
INT-1014,DEV-201,2
INT-1014,BI-402,2
INT-1014,BI-401,5
INT-1014,OPS-302,3
INT-1015,ML-104,4
INT-1015,ML-105,4
INT-1015,ML-101,5
INT-1015,DEV-202,2
INT-1015,BI-402,4
INT-1015,OPS-302,3
INT-1015,DEV-204,2
INT-1016,ML-102,4
INT-1016,ML-105,4
INT-1016,DEV-204,4
INT-1016,BI-401,2
INT-1016,DEV-202,4
INT-1016,BI-402,4
INT-1017,ML-105,4
INT-1017,ML-101,4
INT-1017,DEV-202,2
INT-1017,DEV-204,3
INT-1018,DEV-204,3
INT-1018,DEV-201,5
INT-1018,OPS-302,3
INT-1018,ML-105,4
INT-1019,DEV-204,4
INT-1019,DEV-201,4
INT-1019,DEV-203,4
INT-1019,DEV-202,3
INT-1019,ML-104,3
INT-1019,ML-101,2
INT-1019,BI-401,3
INT-1019,OPS-301,4
INT-1020,ML-102,5
INT-1020,ML-104,4
INT-1020,DEV-202,2
INT-1020,DEV-204,4
INT-1021,DEV-203,5
INT-1021,DEV-202,4
INT-1021,DEV-201,4
INT-1021,DEV-204,5
INT-1021,ML-104,2
INT-1021,ML-105,3
INT-1021,OPS-302,5
INT-1021,ML-102,5
INT-1022,ML-105,5
INT-1022,ML-103,5
INT-1022,ML-101,4
INT-1022,OPS-302,2
INT-1023,ML-105,5
INT-1023,ML-101,5
INT-1023,ML-103,4
INT-1023,ML-102,4
INT-1023,DEV-202,2
INT-1023,DEV-203,3
INT-1023,BI-401,4
INT-1023,DEV-201,4
INT-1024,ML-103,5
INT-1024,ML-101,5
INT-1024,ML-104,4
INT-1024,ML-102,5
INT-1024,ML-105,5
INT-1024,DEV-201,3
INT-1024,BI-402,2
INT-1024,DEV-203,2
INT-1025,DEV-201,4
INT-1025,DEV-202,4
INT-1025,DEV-204,3
INT-1025,DEV-203,3
INT-1025,ML-103,2
INT-1026,OPS-303,3
INT-1026,OPS-301,5
INT-1026,BI-402,5
INT-1026,ML-102,2
INT-1026,DEV-201,2
INT-1026,DEV-202,4
INT-1027,ML-101,5
INT-1027,ML-102,5
INT-1027,ML-103,5
INT-1027,ML-104,4
INT-1027,ML-105,5
INT-1028,DEV-201,5
INT-1028,DEV-202,4
INT-1028,DEV-204,4
INT-1028,ML-104,4
INT-1029,DEV-201,4
INT-1029,DEV-203,4
INT-1029,ML-104,4
INT-1029,OPS-302,3
INT-1029,OPS-301,3
INT-1030,ML-101,4
INT-1030,ML-105,5
INT-1030,ML-102,4
INT-1030,ML-104,5
INT-1030,OPS-301,3
INT-1030,DEV-201,3
INT-1030,BI-401,3
INT-1030,BI-402,3
INT-1031,DEV-202,5
INT-1031,DEV-204,4
INT-1031,OPS-302,5
INT-1031,ML-102,3
INT-1031,OPS-301,4
INT-1031,ML-105,3
INT-1031,ML-103,4
INT-1032,ML-102,4
INT-1032,ML-104,5
INT-1032,ML-103,4
INT-1032,OPS-303,2
INT-1032,DEV-203,4
INT-1032,OPS-301,3
INT-1032,BI-402,3
INT-1032,BI-401,3
INT-1033,ML-102,5
INT-1033,ML-101,5
INT-1033,ML-105,5
INT-1033,ML-103,4
INT-1033,ML-104,4
INT-1034,BI-401,4
INT-1034,BI-402,5
INT-1034,OPS-301,3
INT-1034,ML-102,4
INT-1035,BI-402,4
INT-1035,BI-401,5
INT-1035,ML-103,4
INT-1035,OPS-302,3
INT-1035,ML-101,3
INT-1035,ML-102,5
INT-1035,DEV-202,2
INT-1036,BI-402,5
INT-1036,BI-401,4
INT-1036,OPS-301,4
INT-1036,DEV-204,4
INT-1036,DEV-202,3
INT-1037,ML-103,4
INT-1037,ML-104,4
INT-1037,ML-105,4
INT-1037,DEV-204,3
INT-1037,OPS-301,3
INT-1037,BI-402,2
INT-1038,ML-102,4
INT-1038,ML-105,4
INT-1038,ML-101,4
INT-1038,ML-104,5
INT-1038,ML-103,4
INT-1039,OPS-303,5
INT-1039,OPS-302,3
INT-1039,DEV-203,3
INT-1039,ML-101,4
INT-1039,DEV-201,3
INT-1039,ML-105,3
INT-1039,DEV-202,2
INT-1039,ML-104,2
INT-1040,DEV-201,3
INT-1040,DEV-202,4
INT-1040,DEV-203,3
INT-1040,OPS-302,3
INT-1040,ML-103,4
INT-1040,OPS-303,2
INT-1040,ML-102,3
INT-1041,ML-101,4
INT-1041,ML-103,5
INT-1041,ML-102,4
INT-1041,OPS-302,5
INT-1041,DEV-204,3
INT-1041,BI-401,4
INT-1041,DEV-203,3
INT-1042,DEV-203,5
INT-1042,DEV-201,4
INT-1042,ML-102,3
INT-1042,ML-101,2
INT-1042,BI-401,5
INT-1042,BI-402,3
INT-1042,OPS-302,3
INT-1042,OPS-303,3
INT-1043,ML-102,3
INT-1043,ML-103,4
INT-1043,DEV-202,3
INT-1043,DEV-201,4
INT-1043,DEV-203,2
INT-1043,OPS-301,4
INT-1043,DEV-204,3
INT-1043,OPS-302,4
INT-1044,BI-402,4
INT-1044,BI-401,5
INT-1044,OPS-302,2
INT-1044,DEV-201,3
INT-1045,ML-104,3
INT-1045,ML-103,4
INT-1045,BI-401,4
INT-1045,DEV-203,3
INT-1045,DEV-204,3
INT-1045,DEV-202,3
INT-1045,OPS-301,4
INT-1046,OPS-301,5
INT-1046,OPS-303,5
INT-1046,OPS-302,4
INT-1046,DEV-203,3
INT-1046,ML-104,3
INT-1046,BI-402,3
INT-1047,ML-103,4
INT-1047,ML-105,4
INT-1047,ML-104,4
INT-1047,ML-102,4
INT-1047,BI-402,3
INT-1047,DEV-201,2
INT-1048,DEV-204,5
INT-1048,DEV-202,4
INT-1048,DEV-201,5
INT-1048,DEV-203,4
INT-1048,ML-105,3
INT-1048,ML-104,3
INT-1048,OPS-302,4
INT-1049,DEV-204,5
INT-1049,DEV-202,4
INT-1049,DEV-203,5
INT-1049,ML-105,5
INT-1049,ML-104,4
INT-1049,ML-102,2
INT-1050,ML-105,4
INT-1050,ML-103,4
INT-1050,ML-101,4
INT-1050,ML-104,4
INT-1050,OPS-301,5
INT-1050,DEV-204,3
INT-1050,DEV-203,4
INT-1051,BI-401,4
INT-1051,BI-402,4
INT-1051,OPS-301,5
INT-1051,ML-105,3
INT-1051,DEV-203,4
INT-1052,OPS-302,5
INT-1052,OPS-303,4
INT-1052,ML-102,2
INT-1052,BI-401,3
INT-1053,BI-401,5
INT-1053,BI-402,4
INT-1053,DEV-204,5
INT-1053,DEV-202,3
INT-1053,OPS-301,3
INT-1053,ML-104,3
INT-1054,BI-401,4
INT-1054,BI-402,4
INT-1054,OPS-302,2
INT-1054,ML-104,3
INT-1054,ML-105,3
INT-1054,ML-102,3
INT-1054,ML-103,2
INT-1054,DEV-204,4
INT-1055,DEV-202,4
INT-1055,DEV-204,4
INT-1055,BI-402,3
INT-1055,ML-104,2
INT-1055,OPS-302,2
INT-1055,ML-101,4
INT-1055,ML-105,3
INT-1056,BI-402,4
INT-1056,BI-401,4
INT-1056,DEV-203,3
INT-1056,ML-105,3
INT-1056,DEV-202,3
INT-1056,OPS-302,2
INT-1056,OPS-303,5
INT-1056,ML-104,4
INT-1057,ML-103,4
INT-1057,ML-101,5
INT-1057,DEV-203,3
INT-1057,BI-401,3
INT-1057,OPS-301,2
INT-1057,OPS-302,3
INT-1057,DEV-204,3
INT-1057,BI-402,4
INT-1058,ML-104,4
INT-1058,ML-105,4
INT-1058,ML-102,4
INT-1058,ML-103,4
INT-1058,BI-402,4
INT-1059,ML-105,5
INT-1059,ML-104,5
INT-1059,OPS-303,2
INT-1059,DEV-201,3
INT-1059,DEV-202,5
INT-1059,OPS-301,3
INT-1059,DEV-203,4
INT-1059,DEV-204,2
INT-1060,ML-102,4
INT-1060,ML-103,4
INT-1060,ML-104,5
INT-1060,DEV-201,3
INT-1060,OPS-303,4
INT-1060,BI-402,3
INT-1060,DEV-202,3
INT-1060,BI-401,4
INT-1061,ML-104,4
INT-1061,ML-102,5
INT-1061,ML-105,4
INT-1061,DEV-204,5
INT-1061,DEV-203,3
INT-1061,OPS-303,4
INT-1061,DEV-201,3
INT-1062,ML-102,5
INT-1062,ML-104,4
INT-1062,ML-103,4
INT-1062,ML-105,4
INT-1062,ML-101,4
INT-1062,OPS-302,4
INT-1063,BI-401,5
INT-1063,BI-402,5
INT-1063,ML-101,2
INT-1063,DEV-201,5
INT-1063,DEV-203,2
INT-1063,DEV-202,5
INT-1063,DEV-204,3
INT-1063,OPS-302,2
INT-1064,ML-105,4
INT-1064,ML-104,5
INT-1064,DEV-201,3
INT-1064,DEV-203,3
INT-1064,DEV-204,3
INT-1064,OPS-302,2
INT-1064,DEV-202,3
INT-1065,ML-103,5
INT-1065,ML-104,4
INT-1065,ML-105,4
INT-1065,ML-101,5
INT-1065,ML-102,5
INT-1065,DEV-204,3
INT-1065,OPS-301,4
INT-1065,DEV-202,5
INT-1066,DEV-201,4
INT-1066,DEV-202,4
INT-1066,DEV-203,4
INT-1066,OPS-301,4
INT-1067,ML-102,4
INT-1067,ML-101,5
INT-1067,ML-103,4
INT-1067,OPS-303,3
INT-1067,DEV-204,3
INT-1068,BI-402,3
INT-1068,BI-401,3
INT-1068,ML-102,3
INT-1068,DEV-203,5
INT-1069,ML-103,4
INT-1069,ML-102,4
INT-1069,ML-104,4
INT-1069,ML-105,5
INT-1069,ML-101,4
INT-1069,DEV-204,4
INT-1070,BI-401,4
INT-1070,BI-402,4
INT-1070,OPS-301,3
INT-1070,DEV-203,4
INT-1070,ML-105,4
INT-1070,ML-104,4
INT-1070,DEV-201,2
INT-1071,OPS-302,4
INT-1071,OPS-303,4
INT-1071,ML-101,5
INT-1071,BI-401,3
INT-1072,ML-102,4
INT-1072,ML-105,5
INT-1072,ML-103,4
INT-1072,OPS-302,4
INT-1072,OPS-301,4
INT-1072,OPS-303,3
INT-1072,DEV-202,2
INT-1073,ML-102,4
INT-1073,ML-104,4
INT-1073,ML-103,4
INT-1073,OPS-302,2
INT-1074,BI-402,4
INT-1074,BI-401,5
INT-1074,ML-102,3
INT-1074,OPS-302,5
INT-1074,ML-104,2
INT-1074,DEV-203,2
INT-1075,OPS-303,3
INT-1075,OPS-302,4
INT-1075,OPS-301,4
INT-1075,ML-103,3
INT-1075,ML-101,3
INT-1075,BI-401,3
INT-1075,ML-105,5
INT-1076,OPS-303,4
INT-1076,OPS-301,4
INT-1076,OPS-302,4
INT-1076,BI-402,5
INT-1076,ML-102,4
INT-1076,DEV-203,2
INT-1076,DEV-202,4
INT-1076,ML-103,3
INT-1077,OPS-302,5
INT-1077,OPS-303,5
INT-1077,ML-104,3
INT-1077,ML-102,2
INT-1077,DEV-203,4
INT-1077,BI-401,2
INT-1078,ML-101,4
INT-1078,ML-102,4
INT-1078,ML-103,3
INT-1078,DEV-204,2
INT-1078,BI-402,4
INT-1079,ML-105,4
INT-1079,ML-103,4
INT-1079,ML-101,5
INT-1079,DEV-202,3
INT-1079,DEV-201,2
INT-1080,ML-102,4
INT-1080,ML-104,5
INT-1080,BI-402,3
INT-1080,DEV-202,2
INT-1080,OPS-302,3
INT-1080,DEV-201,5
INT-1081,BI-402,5
INT-1081,BI-401,4
INT-1081,ML-101,2
INT-1081,DEV-203,4
INT-1082,DEV-201,5
INT-1082,DEV-202,5
INT-1082,BI-402,4
INT-1082,ML-103,3
INT-1082,ML-102,3
INT-1082,OPS-303,3
INT-1082,BI-401,3
INT-1083,ML-101,5
INT-1083,ML-102,4
INT-1083,OPS-303,4
INT-1083,BI-401,3
INT-1083,DEV-202,3
INT-1083,DEV-204,3
INT-1083,DEV-203,5
INT-1084,ML-101,5
INT-1084,ML-105,5
INT-1084,DEV-202,3
INT-1084,OPS-303,3
INT-1084,DEV-201,3
INT-1084,OPS-302,2
INT-1084,DEV-203,3
INT-1085,ML-103,4
INT-1085,ML-105,4
INT-1085,OPS-302,4
INT-1085,DEV-202,3
INT-1085,OPS-301,3
INT-1085,OPS-303,2
INT-1085,BI-401,3
INT-1086,ML-105,4
INT-1086,ML-101,5
INT-1086,ML-103,4
INT-1086,ML-102,4
INT-1086,ML-104,4
INT-1087,OPS-301,4
INT-1087,OPS-303,4
INT-1087,OPS-302,4
INT-1087,ML-102,3
INT-1087,DEV-204,4
INT-1088,DEV-201,4
INT-1088,DEV-204,4
INT-1088,DEV-203,5
INT-1088,DEV-202,4
INT-1088,BI-402,2
INT-1088,ML-101,3
INT-1088,ML-102,3
INT-1088,ML-103,2
INT-1089,BI-402,4
INT-1089,BI-401,4
INT-1089,ML-104,2
INT-1089,DEV-202,3
INT-1089,OPS-301,3
INT-1089,ML-101,2
INT-1089,DEV-204,4
INT-1089,ML-102,2
INT-1090,DEV-202,4
INT-1090,DEV-203,3
INT-1090,DEV-204,5
INT-1090,DEV-201,5
INT-1090,OPS-302,3
INT-1090,ML-101,4
INT-1090,BI-402,3
INT-1091,ML-101,4
INT-1091,ML-103,5
INT-1091,ML-105,4
INT-1091,ML-102,5
INT-1091,ML-104,4
INT-1092,OPS-303,4
INT-1092,OPS-302,4
INT-1092,OPS-301,5
INT-1092,DEV-201,3
INT-1092,ML-103,5
INT-1092,ML-102,3
INT-1092,DEV-204,2
INT-1093,OPS-302,4
INT-1093,OPS-301,5
INT-1093,ML-103,2
INT-1093,BI-401,5
INT-1094,DEV-204,4
INT-1094,DEV-203,5
INT-1094,DEV-202,5
INT-1094,OPS-301,3
INT-1094,ML-103,3
INT-1094,OPS-303,2
INT-1094,ML-101,3
INT-1095,OPS-302,5
INT-1095,OPS-303,4
INT-1095,ML-102,3
INT-1095,BI-402,3
INT-1096,DEV-202,4
INT-1096,DEV-204,4
INT-1096,DEV-203,4
INT-1096,BI-401,4
INT-1097,DEV-201,3
INT-1097,DEV-203,4
INT-1097,DEV-204,5
INT-1097,DEV-202,4
INT-1097,ML-104,5
INT-1097,OPS-303,3
INT-1098,DEV-201,5
INT-1098,DEV-203,4
INT-1098,DEV-202,4
INT-1098,DEV-204,5
INT-1098,OPS-301,5
INT-1098,ML-102,3
INT-1099,ML-101,4
INT-1099,ML-102,5
INT-1099,ML-104,4
INT-1099,ML-103,5
INT-1099,OPS-303,3
INT-1100,ML-105,4
INT-1100,ML-101,4
INT-1100,ML-103,4
INT-1100,OPS-303,5
INT-1100,OPS-302,3
INT-1100,DEV-201,2
INT-1101,ML-101,5
INT-1101,ML-103,5
INT-1101,ML-105,5
INT-1101,BI-402,3
INT-1101,DEV-201,2
INT-1102,DEV-202,4
INT-1102,DEV-203,5
INT-1102,DEV-204,3
INT-1102,DEV-201,5
INT-1102,OPS-302,4
INT-1103,ML-105,3
INT-1103,ML-102,3
INT-1103,ML-104,4
INT-1103,BI-401,3
INT-1103,DEV-204,3
INT-1103,DEV-203,3
INT-1103,OPS-302,5
INT-1104,DEV-202,5
INT-1104,DEV-204,4
INT-1104,DEV-201,5
INT-1104,DEV-203,5
INT-1104,OPS-301,3
INT-1105,BI-402,5
INT-1105,BI-401,5
INT-1105,DEV-202,5
INT-1105,ML-102,3
INT-1105,ML-104,3
INT-1106,ML-104,3
INT-1106,ML-101,5
INT-1106,ML-102,5
INT-1106,DEV-204,4
INT-1106,DEV-201,2
INT-1106,DEV-203,3
INT-1107,DEV-202,4
INT-1107,DEV-203,4
INT-1107,DEV-204,4
INT-1107,DEV-201,3
INT-1107,BI-402,3
INT-1107,ML-101,3
INT-1107,ML-102,4
INT-1108,OPS-301,4
INT-1108,OPS-303,4
INT-1108,OPS-302,3
INT-1108,DEV-202,3
INT-1108,BI-401,2
INT-1109,ML-102,4
INT-1109,ML-103,5
INT-1109,ML-105,4
INT-1109,DEV-201,3
INT-1109,OPS-302,5
INT-1109,DEV-202,3
INT-1109,OPS-301,4
INT-1109,DEV-204,3
INT-1110,ML-104,4
INT-1110,ML-101,4
INT-1110,ML-103,5
INT-1110,ML-102,4
INT-1110,ML-105,5
INT-1111,ML-102,5
INT-1111,ML-101,4
INT-1111,ML-105,5
INT-1111,ML-103,4
INT-1112,ML-102,4
INT-1112,ML-101,4
INT-1112,ML-103,4
INT-1112,BI-401,5
INT-1112,DEV-201,3
INT-1112,DEV-203,5
INT-1112,DEV-202,3
INT-1113,BI-401,4
INT-1113,BI-402,4
INT-1113,DEV-201,4
INT-1113,ML-101,4
INT-1113,OPS-303,4
INT-1113,ML-105,3
INT-1114,BI-402,5
INT-1114,BI-401,4
INT-1114,DEV-204,3
INT-1114,ML-105,4
INT-1114,ML-102,3
INT-1115,DEV-201,5
INT-1115,DEV-202,4
INT-1115,ML-105,3
INT-1115,BI-402,3
INT-1115,OPS-303,4
INT-1115,BI-401,5
INT-1116,BI-402,4
INT-1116,BI-401,5
INT-1116,ML-102,4
INT-1116,OPS-302,2
INT-1116,DEV-202,2
INT-1116,DEV-201,4
INT-1116,ML-103,3
INT-1116,ML-101,3
INT-1117,BI-401,4
INT-1117,BI-402,4
INT-1117,DEV-201,3
INT-1117,OPS-303,5
INT-1117,DEV-203,2
INT-1117,ML-102,2
INT-1117,ML-103,3
INT-1117,ML-105,5
INT-1118,ML-103,5
INT-1118,ML-104,3
INT-1118,ML-101,4
INT-1118,ML-102,4
INT-1119,BI-401,3
INT-1119,BI-402,3
INT-1119,ML-102,4
INT-1119,OPS-302,4
INT-1120,DEV-203,3
INT-1120,DEV-202,5
INT-1120,DEV-201,4
INT-1120,DEV-204,4
INT-1120,OPS-301,3
INT-1120,BI-401,3
INT-1120,ML-104,3
INT-1120,ML-101,5
INT-1121,BI-401,4
INT-1121,BI-402,4
INT-1121,DEV-202,3
INT-1121,DEV-203,2
INT-1121,DEV-204,3
INT-1122,BI-402,5
INT-1122,BI-401,4
INT-1122,ML-103,5
INT-1122,DEV-204,3
INT-1123,ML-105,4
INT-1123,ML-102,3
INT-1123,OPS-301,2
INT-1123,DEV-203,5
INT-1124,ML-101,4
INT-1124,ML-103,5
INT-1124,ML-105,5
INT-1124,ML-102,5
INT-1124,DEV-203,2
INT-1124,OPS-301,3
INT-1124,BI-401,5
INT-1124,OPS-303,3
INT-1125,ML-101,5
INT-1125,ML-105,4
INT-1125,DEV-201,4
INT-1125,OPS-301,3
INT-1125,OPS-302,3
INT-1125,DEV-202,3
INT-1125,BI-401,2
INT-1125,DEV-204,4
INT-1126,DEV-204,4
INT-1126,DEV-201,4
INT-1126,DEV-203,4
INT-1126,ML-103,4
INT-1126,OPS-303,3
INT-1126,OPS-302,5
INT-1126,ML-104,3
INT-1127,BI-402,4
INT-1127,BI-401,4
INT-1127,DEV-201,2
INT-1127,ML-104,5
INT-1127,DEV-203,4
INT-1127,ML-102,3
INT-1127,ML-105,5
INT-1128,BI-402,4
INT-1128,BI-401,5
INT-1128,ML-103,3
INT-1128,DEV-203,2
INT-1128,DEV-204,3
INT-1129,ML-102,5
INT-1129,ML-103,5
INT-1129,ML-101,4
INT-1129,DEV-201,3
INT-1129,OPS-301,4
INT-1129,DEV-204,3
INT-1129,BI-401,4
INT-1130,DEV-203,4
INT-1130,DEV-201,4
INT-1130,DEV-202,4
INT-1130,ML-101,3
INT-1130,BI-401,3
INT-1130,ML-104,4
INT-1131,DEV-201,4
INT-1131,DEV-204,5
INT-1131,DEV-203,4
INT-1131,DEV-202,4
INT-1131,OPS-301,2
INT-1131,BI-402,4
INT-1131,BI-401,4
INT-1131,OPS-302,3
INT-1132,ML-103,5
INT-1132,ML-105,4
INT-1132,ML-101,4
INT-1132,OPS-303,3
INT-1132,OPS-301,3
INT-1133,ML-103,5
INT-1133,ML-105,4
INT-1133,DEV-202,4
INT-1133,OPS-303,5
INT-1133,OPS-301,3
INT-1133,DEV-203,2
INT-1133,DEV-201,2
INT-1134,ML-105,4
INT-1134,ML-104,4
INT-1134,ML-101,4
INT-1134,DEV-204,2
INT-1134,DEV-201,4
INT-1134,OPS-301,3
INT-1134,OPS-302,4
INT-1135,BI-401,4
INT-1135,BI-402,4
INT-1135,DEV-204,5
INT-1135,DEV-201,3
INT-1135,DEV-203,3
INT-1135,OPS-303,4
INT-1135,DEV-202,4
INT-1136,ML-102,5
INT-1136,ML-105,5
INT-1136,ML-104,5
INT-1136,ML-103,4
INT-1136,ML-101,4
INT-1136,OPS-301,3
INT-1137,DEV-201,4
INT-1137,DEV-203,4
INT-1137,DEV-202,5
INT-1137,OPS-302,3
INT-1137,OPS-301,3
INT-1137,ML-103,3
INT-1138,OPS-301,5
INT-1138,OPS-302,4
INT-1138,DEV-204,2
INT-1138,ML-105,5
INT-1138,ML-103,2
INT-1138,ML-102,2
INT-1138,BI-401,2
INT-1139,ML-101,4
INT-1139,ML-102,4
INT-1139,ML-105,3
INT-1139,ML-103,4
INT-1139,ML-104,5
INT-1139,BI-401,5
INT-1140,BI-401,3
INT-1140,BI-402,4
INT-1140,DEV-202,4
INT-1140,ML-103,4
INT-1141,BI-401,4
INT-1141,BI-402,3
INT-1141,ML-105,3
INT-1141,OPS-301,5
INT-1141,OPS-302,3
INT-1142,ML-105,5
INT-1142,ML-104,5
INT-1142,ML-102,5
INT-1142,DEV-204,2
INT-1142,DEV-202,3
INT-1142,DEV-203,3
INT-1142,BI-401,4
INT-1143,DEV-204,4
INT-1143,DEV-202,4
INT-1143,BI-401,5
INT-1143,OPS-301,3
INT-1143,ML-102,5
INT-1144,ML-104,3
INT-1144,ML-102,4
INT-1144,ML-105,5
INT-1144,ML-103,4
INT-1145,ML-101,5
INT-1145,ML-105,3
INT-1145,ML-102,5
INT-1145,OPS-301,4
INT-1145,DEV-203,4
INT-1145,DEV-204,3
INT-1146,ML-105,4
INT-1146,ML-102,3
INT-1146,ML-101,4
INT-1146,ML-103,5
INT-1146,BI-401,5
INT-1146,DEV-203,4
INT-1147,DEV-201,4
INT-1147,DEV-203,5
INT-1147,OPS-303,2
INT-1147,BI-401,3
INT-1147,OPS-301,3
INT-1148,DEV-202,5
INT-1148,DEV-201,4
INT-1148,DEV-204,4
INT-1148,DEV-203,4
INT-1148,ML-102,3
INT-1148,ML-104,3
INT-1148,OPS-303,3
INT-1148,ML-101,4
INT-1149,ML-104,4
INT-1149,ML-103,4
INT-1149,DEV-201,2
INT-1149,DEV-204,5
INT-1149,OPS-301,5
INT-1149,BI-402,2
INT-1150,ML-103,4
INT-1150,ML-104,5
INT-1150,DEV-203,3
INT-1150,BI-402,5
INT-1150,OPS-303,3
INT-1150,OPS-302,2
INT-1150,DEV-204,5
INT-1151,BI-402,3
INT-1151,BI-401,5
INT-1151,ML-103,4
INT-1151,DEV-204,5
INT-1151,DEV-202,3
INT-1151,OPS-302,4
INT-1151,OPS-303,3
INT-1151,DEV-201,3
INT-1152,ML-104,3
INT-1152,ML-103,5
INT-1152,ML-101,4
INT-1152,OPS-301,4
INT-1152,DEV-204,3
INT-1153,ML-102,4
INT-1153,ML-101,5
INT-1153,ML-104,5
INT-1153,DEV-201,2
INT-1154,DEV-204,4
INT-1154,DEV-201,3
INT-1154,DEV-203,4
INT-1154,ML-101,5
INT-1155,BI-402,4
INT-1155,BI-401,5
INT-1155,ML-105,3
INT-1155,ML-103,4
INT-1155,DEV-204,2
INT-1155,ML-104,4
INT-1155,DEV-202,3
INT-1155,OPS-302,2
INT-1156,ML-105,4
INT-1156,ML-103,4
INT-1156,ML-104,4
INT-1156,ML-102,4
INT-1156,ML-101,4
INT-1156,DEV-203,4
INT-1157,OPS-301,4
INT-1157,OPS-302,4
INT-1157,OPS-303,4
INT-1157,DEV-204,3
INT-1157,BI-402,5
INT-1158,OPS-303,5
INT-1158,OPS-301,4
INT-1158,ML-101,4
INT-1158,ML-105,4
INT-1158,DEV-202,3
INT-1158,BI-402,3
INT-1159,ML-101,5
INT-1159,ML-102,5
INT-1159,ML-105,4
INT-1159,ML-103,4
INT-1159,BI-401,3
INT-1159,DEV-204,3
INT-1160,OPS-302,5
INT-1160,OPS-303,5
INT-1160,OPS-301,5
INT-1160,DEV-204,3
INT-1160,DEV-203,2
INT-1160,BI-401,3
INT-1160,ML-102,2
INT-1161,ML-101,4
INT-1161,ML-103,4
INT-1161,ML-104,4
INT-1161,OPS-303,4
INT-1161,OPS-301,3
INT-1162,DEV-204,4
INT-1162,DEV-203,5
INT-1162,DEV-202,4
INT-1162,OPS-303,5
INT-1162,ML-103,3
INT-1162,OPS-301,3
INT-1163,DEV-201,4
INT-1163,DEV-204,5
INT-1163,DEV-203,4
INT-1163,DEV-202,5
INT-1164,DEV-204,5
INT-1164,DEV-202,4
INT-1164,ML-101,3
INT-1164,OPS-303,3
INT-1165,ML-105,5
INT-1165,ML-103,3
INT-1165,ML-101,4
INT-1165,ML-102,4
INT-1166,BI-401,4
INT-1166,BI-402,3
INT-1166,DEV-201,3
INT-1166,ML-105,2
INT-1166,DEV-202,4
INT-1167,ML-101,4
INT-1167,ML-105,5
INT-1167,OPS-303,4
INT-1167,BI-402,2
INT-1167,DEV-204,4
INT-1167,OPS-301,3
INT-1168,ML-105,5
INT-1168,ML-101,4
INT-1168,DEV-204,2
INT-1168,BI-402,2
INT-1168,OPS-303,5
INT-1168,OPS-302,4
INT-1169,ML-102,4
INT-1169,ML-103,5
INT-1169,DEV-201,3
INT-1169,DEV-204,4
INT-1169,OPS-301,4
INT-1169,DEV-202,3
INT-1169,BI-401,3
INT-1169,BI-402,4
INT-1170,DEV-203,4
INT-1170,DEV-201,4
INT-1170,DEV-204,5
INT-1170,DEV-202,5
INT-1171,OPS-302,3
INT-1171,OPS-301,4
INT-1171,OPS-303,5
INT-1171,DEV-203,4
INT-1171,BI-402,2
INT-1171,ML-104,3
INT-1171,DEV-201,4
INT-1171,ML-105,4
INT-1172,ML-102,5
INT-1172,ML-104,4
INT-1172,ML-103,4
INT-1172,ML-101,4
INT-1173,DEV-203,4
INT-1173,DEV-202,5
INT-1173,DEV-201,4
INT-1173,ML-103,2
INT-1173,ML-102,2
INT-1173,BI-402,3
INT-1174,ML-104,3
INT-1174,ML-101,3
INT-1174,ML-102,5
INT-1174,ML-103,4
INT-1174,OPS-303,3
INT-1174,DEV-202,2
INT-1174,OPS-302,3
INT-1174,OPS-301,3
INT-1175,DEV-204,4
INT-1175,DEV-202,4
INT-1175,OPS-302,3
INT-1175,ML-105,2
INT-1176,ML-104,5
INT-1176,ML-101,4
INT-1176,ML-105,5
INT-1176,OPS-301,3
INT-1176,DEV-201,3
INT-1176,DEV-204,4
INT-1176,DEV-203,4
INT-1177,OPS-302,3
INT-1177,OPS-303,4
INT-1177,BI-401,4
INT-1177,ML-104,3
INT-1177,DEV-203,3
INT-1177,DEV-201,2
INT-1177,ML-102,3
INT-1177,BI-402,4
INT-1178,ML-101,4
INT-1178,ML-102,5
INT-1178,ML-103,4
INT-1178,ML-105,4
INT-1178,BI-402,4
INT-1178,DEV-201,4
INT-1178,OPS-302,4
INT-1179,BI-401,4
INT-1179,BI-402,3
INT-1179,ML-104,3
INT-1179,ML-105,3
INT-1179,ML-103,3
INT-1179,DEV-202,5
INT-1179,DEV-204,4
INT-1180,ML-103,5
INT-1180,ML-101,4
INT-1180,DEV-202,5
INT-1180,DEV-204,4
INT-1180,OPS-302,3
INT-1180,OPS-303,4
INT-1180,DEV-203,5
INT-1180,BI-402,3
INT-1181,ML-103,4
INT-1181,ML-102,4
INT-1181,BI-402,4
INT-1181,DEV-204,3
INT-1182,ML-103,5
INT-1182,ML-101,5
INT-1182,ML-102,4
INT-1182,DEV-202,3
INT-1182,OPS-301,4
INT-1182,DEV-204,3
INT-1182,DEV-201,3
INT-1182,OPS-302,2
INT-1183,BI-401,5
INT-1183,BI-402,4
INT-1183,ML-101,5
INT-1183,ML-102,2
INT-1183,OPS-303,2
INT-1183,DEV-201,2
INT-1183,OPS-302,3
INT-1184,BI-402,5
INT-1184,BI-401,5
INT-1184,ML-103,3
INT-1184,OPS-302,3
INT-1184,DEV-202,2
INT-1184,OPS-301,2
INT-1184,ML-101,3
INT-1185,ML-105,4
INT-1185,ML-102,4
INT-1185,OPS-302,4
INT-1185,BI-402,3
INT-1186,OPS-303,5
INT-1186,OPS-302,5
INT-1186,OPS-301,5
INT-1186,DEV-201,3
INT-1186,BI-402,3
INT-1186,DEV-203,2
INT-1187,BI-401,4
INT-1187,BI-402,4
INT-1187,ML-105,3
INT-1187,ML-102,3
INT-1187,ML-103,3
INT-1188,DEV-204,4
INT-1188,DEV-203,4
INT-1188,BI-401,3
INT-1188,ML-103,2
INT-1188,BI-402,3
INT-1188,ML-104,2
INT-1188,OPS-303,2
INT-1189,DEV-204,4
INT-1189,DEV-202,4
INT-1189,DEV-203,5
INT-1189,DEV-201,4
INT-1189,OPS-303,3
INT-1189,BI-402,3
INT-1189,ML-103,2
INT-1190,ML-105,4
INT-1190,ML-101,5
INT-1190,ML-103,5
INT-1190,ML-104,4
INT-1190,ML-102,4
INT-1190,BI-402,3
INT-1190,OPS-302,4
INT-1191,ML-101,4
INT-1191,ML-104,3
INT-1191,ML-102,5
INT-1191,ML-103,4
INT-1191,DEV-202,4
INT-1192,BI-402,4
INT-1192,BI-401,4
INT-1192,OPS-301,3
INT-1192,ML-103,3
INT-1192,ML-104,4
INT-1192,OPS-303,3
INT-1192,ML-101,3
INT-1192,ML-105,4
INT-1193,BI-402,4
INT-1193,BI-401,5
INT-1193,ML-105,2
INT-1193,OPS-302,4
INT-1194,DEV-204,4
INT-1194,DEV-202,4
INT-1194,DEV-201,5
INT-1194,DEV-203,5
INT-1194,OPS-302,3
INT-1195,ML-104,5
INT-1195,ML-105,5
INT-1195,ML-102,5
INT-1195,ML-101,5
INT-1195,DEV-202,3
INT-1195,BI-401,5
INT-1196,ML-103,5
INT-1196,ML-105,4
INT-1196,ML-102,4
INT-1196,ML-104,5
INT-1196,ML-101,4
INT-1197,OPS-301,4
INT-1197,OPS-303,3
INT-1197,OPS-302,4
INT-1197,DEV-203,5
INT-1198,BI-401,4
INT-1198,BI-402,4
INT-1198,ML-102,5
INT-1198,OPS-302,2
INT-1198,DEV-201,3
INT-1199,BI-402,4
INT-1199,BI-401,4
INT-1199,OPS-303,2
INT-1199,ML-102,4
INT-1199,ML-101,2
INT-1199,ML-104,4
INT-1200,OPS-303,4
INT-1200,OPS-301,4
INT-1200,OPS-302,5
INT-1200,ML-102,2
INT-1201,DEV-202,5
INT-1201,DEV-204,4
INT-1201,DEV-201,4
INT-1201,ML-103,2
INT-1201,ML-102,4
INT-1201,ML-101,5
INT-1202,ML-102,4
INT-1202,ML-101,4
INT-1202,ML-104,4
INT-1202,ML-103,4
INT-1202,ML-105,5
INT-1202,OPS-303,3
INT-1202,OPS-302,3
INT-1202,DEV-204,4
INT-1203,ML-102,4
INT-1203,ML-105,4
INT-1203,ML-103,5
INT-1203,ML-104,3
INT-1204,BI-401,3
INT-1204,BI-402,3
INT-1204,DEV-203,2
INT-1204,OPS-302,4
INT-1204,OPS-301,3
INT-1204,ML-102,3
INT-1204,ML-101,4
INT-1205,DEV-201,3
INT-1205,DEV-203,3
INT-1205,ML-102,3
INT-1205,ML-101,3
INT-1205,ML-105,4
INT-1205,BI-402,4
INT-1205,BI-401,3
INT-1206,ML-105,3
INT-1206,ML-102,3
INT-1206,OPS-301,2
INT-1206,DEV-202,3
INT-1206,DEV-203,3
INT-1206,DEV-201,4
INT-1206,BI-402,3
INT-1207,ML-104,4
INT-1207,ML-102,4
INT-1207,ML-101,4
INT-1207,ML-103,5
INT-1208,OPS-301,3
INT-1208,OPS-303,4
INT-1208,ML-103,4
INT-1208,ML-101,4
INT-1208,BI-402,2
INT-1208,DEV-203,2
INT-1209,ML-101,4
INT-1209,ML-103,3
INT-1209,OPS-303,3
INT-1209,OPS-301,3
INT-1209,BI-401,3
INT-1209,DEV-201,2
INT-1210,ML-103,4
INT-1210,ML-102,5
INT-1210,ML-104,4
INT-1210,DEV-202,2
INT-1210,BI-402,3
INT-1210,BI-401,5
INT-1210,OPS-302,2
INT-1210,OPS-301,5
INT-1211,DEV-204,4
INT-1211,DEV-201,5
INT-1211,DEV-202,4
INT-1211,DEV-203,4
INT-1212,OPS-303,3
INT-1212,OPS-301,4
INT-1212,ML-103,3
INT-1212,ML-104,3
INT-1212,DEV-204,4
INT-1212,ML-101,3
INT-1213,OPS-301,4
INT-1213,OPS-302,3
INT-1213,OPS-303,3
INT-1213,ML-105,4
INT-1213,BI-401,4
INT-1213,BI-402,3
INT-1213,ML-104,4
INT-1213,DEV-203,2
INT-1214,ML-102,5
INT-1214,ML-103,5
INT-1214,DEV-201,2
INT-1214,OPS-302,3
INT-1214,BI-402,2
INT-1214,BI-401,3
INT-1214,DEV-204,2
INT-1215,OPS-301,5
INT-1215,OPS-303,4
INT-1215,OPS-302,3
INT-1215,DEV-204,2
INT-1215,DEV-202,2
INT-1216,ML-101,4
INT-1216,ML-105,5
INT-1216,ML-102,3
INT-1216,ML-104,4
INT-1216,ML-103,5
INT-1217,ML-104,5
INT-1217,ML-103,5
INT-1217,ML-101,4
INT-1217,ML-105,4
INT-1217,DEV-204,3
INT-1217,DEV-203,3
INT-1218,OPS-301,5
INT-1218,OPS-302,4
INT-1218,OPS-303,5
INT-1218,DEV-203,3
INT-1218,ML-105,2
INT-1218,ML-102,4
INT-1218,DEV-204,2
INT-1218,BI-402,4
INT-1219,DEV-201,3
INT-1219,DEV-203,5
INT-1219,DEV-202,5
INT-1219,ML-105,3
INT-1219,ML-103,2
INT-1219,ML-101,2
INT-1220,BI-401,5
INT-1220,BI-402,4
INT-1220,ML-104,3
INT-1220,ML-103,3
INT-1220,OPS-303,3
INT-1221,OPS-301,3
INT-1221,OPS-303,5
INT-1221,ML-104,3
INT-1221,DEV-203,2
INT-1221,ML-103,3
INT-1221,ML-102,2
INT-1222,DEV-204,3
INT-1222,DEV-202,4
INT-1222,DEV-201,4
INT-1222,OPS-302,2
INT-1222,BI-402,3
INT-1222,ML-103,3
INT-1222,OPS-303,3
INT-1222,ML-102,3
INT-1223,ML-101,5
INT-1223,ML-105,4
INT-1223,ML-102,5
INT-1223,ML-103,5
INT-1223,ML-104,5
INT-1223,OPS-303,5
INT-1223,DEV-204,4
INT-1223,OPS-302,3
INT-1224,ML-103,4
INT-1224,ML-105,5
INT-1224,ML-102,5
INT-1224,ML-104,4
INT-1224,ML-101,3
INT-1224,DEV-201,3
INT-1224,OPS-302,4
INT-1224,OPS-301,5
INT-1225,ML-102,3
INT-1225,ML-105,4
INT-1225,OPS-301,4
INT-1225,DEV-201,4
INT-1225,OPS-303,3
INT-1226,ML-102,5
INT-1226,ML-103,4
INT-1226,ML-104,5
INT-1226,OPS-302,2
INT-1226,DEV-201,5
INT-1227,BI-401,4
INT-1227,BI-402,4
INT-1227,ML-101,3
INT-1227,ML-102,3
INT-1227,OPS-303,4
INT-1227,ML-104,3
INT-1227,DEV-204,2
INT-1228,ML-101,5
INT-1228,ML-102,3
INT-1228,DEV-203,3
INT-1228,DEV-202,5
INT-1228,OPS-303,3
INT-1228,OPS-301,2
INT-1229,BI-401,4
INT-1229,BI-402,3
INT-1229,OPS-303,4
INT-1229,DEV-202,5
INT-1229,DEV-203,4
INT-1229,DEV-201,2
INT-1230,DEV-204,4
INT-1230,DEV-202,3
INT-1230,ML-105,5
INT-1230,ML-103,2
INT-1230,BI-401,3
INT-1230,OPS-301,5
INT-1230,ML-101,5
INT-1230,BI-402,2
INT-1231,OPS-302,5
INT-1231,OPS-301,3
INT-1231,DEV-201,4
INT-1231,ML-102,4
INT-1231,ML-104,4
INT-1231,BI-402,3
INT-1231,ML-103,2
INT-1231,BI-401,2
INT-1232,DEV-203,4
INT-1232,DEV-201,5
INT-1232,DEV-204,3
INT-1232,ML-101,4
INT-1233,DEV-203,4
INT-1233,DEV-204,5
INT-1233,DEV-202,4
INT-1233,ML-102,2
INT-1233,OPS-303,3
INT-1233,ML-104,2
INT-1233,BI-402,3
INT-1234,DEV-201,4
INT-1234,DEV-203,5
INT-1234,ML-102,3
INT-1234,OPS-301,3
INT-1234,OPS-303,2
INT-1234,BI-401,3
INT-1234,ML-101,5
INT-1235,ML-103,4
INT-1235,ML-105,4
INT-1235,ML-101,4
INT-1235,ML-104,4
INT-1235,DEV-201,2
INT-1235,OPS-303,4
INT-1235,OPS-301,3
INT-1236,OPS-301,5
INT-1236,OPS-303,4
INT-1236,ML-104,3
INT-1236,ML-103,3
INT-1236,ML-105,4
INT-1236,ML-102,2
INT-1236,BI-402,3
INT-1237,ML-104,4
INT-1237,ML-103,4
INT-1237,ML-101,4
INT-1237,ML-102,4
INT-1237,DEV-201,2
INT-1238,ML-103,5
INT-1238,ML-104,5
INT-1238,DEV-204,3
INT-1238,DEV-201,3
INT-1239,DEV-202,4
INT-1239,DEV-204,5
INT-1239,DEV-203,4
INT-1239,DEV-201,3
INT-1239,OPS-302,5
INT-1239,ML-101,4
INT-1239,ML-103,2
INT-1240,ML-104,4
INT-1240,ML-102,5
INT-1240,DEV-203,3
INT-1240,OPS-301,4
INT-1240,BI-402,3
INT-1240,OPS-302,5
INT-1240,DEV-201,2
INT-1241,BI-401,5
INT-1241,BI-402,5
INT-1241,ML-103,4
INT-1241,OPS-303,4
INT-1241,OPS-301,4
INT-1241,ML-102,3
INT-1241,DEV-204,4
INT-1241,ML-105,3
INT-1242,BI-401,4
INT-1242,BI-402,5
INT-1242,DEV-202,4
INT-1242,ML-103,2
INT-1242,OPS-301,3
INT-1242,OPS-303,3
INT-1242,ML-101,3
INT-1243,BI-402,4
INT-1243,BI-401,3
INT-1243,DEV-203,3
INT-1243,OPS-302,4
INT-1243,ML-102,3
INT-1243,ML-104,3
INT-1244,ML-104,5
INT-1244,ML-102,5
INT-1244,ML-105,5
INT-1244,BI-401,3
INT-1245,ML-103,4
INT-1245,ML-104,5
INT-1245,DEV-203,4
INT-1245,DEV-201,2
INT-1245,DEV-202,3
INT-1246,BI-402,5
INT-1246,BI-401,4
INT-1246,DEV-203,3
INT-1246,DEV-204,3
INT-1246,DEV-202,5
INT-1246,ML-102,3
INT-1247,DEV-203,4
INT-1247,DEV-201,5
INT-1247,DEV-202,3
INT-1247,ML-102,4
INT-1247,ML-105,3
INT-1247,ML-101,4
INT-1247,ML-104,3
INT-1247,OPS-303,3
INT-1248,BI-402,5
INT-1248,BI-401,4
INT-1248,OPS-302,3
INT-1248,ML-103,4
INT-1249,BI-402,4
INT-1249,BI-401,5
INT-1249,DEV-201,4
INT-1249,DEV-203,3
INT-1249,ML-105,2
INT-1249,ML-104,3
INT-1250,BI-402,5
INT-1250,BI-401,5
INT-1250,DEV-203,3
INT-1250,ML-102,4
INT-1250,DEV-201,4
INT-1250,ML-105,3
